"organization","book","account_name","specialty_program","carrier"
Aberdeen,GSMJIF,Aberdeen,,
Berkeley,GSMJIF,Berkeley Township,,
Berkeley Heights,GSMJIF,Berkeley Heights,,
Bloomfield,GSMJIF,Bloomfield,,
Bound Brook,GSMJIF,Bound Brook,,
Caldwell,GSMJIF,Caldwell Borough,,
Cinnaminson,GSMJIF,Cinnaminson,,
Eastampton,GSMJIF,Eastampton Township,,
Englewood,GSMJIF,"Englewood, City Of",,
Ewing,GSMJIF,"Ewing, Township Of",,
Fair Haven,GSMJIF,Fair Haven,,
Fanwood Borough,GSMJIF,Fanwood Borough,,
Freehold,GSMJIF,Freehold Township,,
Freehold Borough,GSMJIF,Freehold Borough,,
Guttenberg,GSMJIF,Guttenberg,,
Haddon Heights,GSMJIF,Haddon Heights,,
Hamilton,GSMJIF,Hamilton Township,,
Harrison,GSMJIF,"Harrison, Town Of",,
Highland Park,GSMJIF,Highland Park Borough,,
Hoboken,GSMJIF,"Hoboken, City Of",,
Holmdel,GSMJIF,Holmdel,,
Howell,GSMJIF,"Howell, Township Of",,
Jackson,GSMJIF,Jackson Township,,
Borough of Jamesburg,GSMJIF,"Jamesburg, Borough of",,
Kearny,GSMJIF,Kearny,,
Kenilworth,GSMJIF,Kenilworth Borough,,
Lawrence,GSMJIF,Lawrence,,
Linden - GSMJIF,GSMJIF,Linden,,
Livingston,GSMJIF,Livingston Township,,
Manalapan,GSMJIF,Manalapan Township,,
Maplewood,GSMJIF,"Maplewood, Township Of",,
Middlesex,GSMJIF,Middlesex Borough,,
Monroe,GSMJIF,Monroe,,
Montclair,GSMJIF,Montclair Township,,
Morris Township,GSMJIF,Morris Township,,
Morristown,GSMJIF,Morristown,,
Morristown - QL,GSMJIF,Morristown,,
Neptune,GSMJIF,Neptune,,
New Providence,GSMJIF,New Providence Borough,,
North Bergen,GSMJIF,"North Bergen, Township Of",,
North Brunswick,GSMJIF,North Brunswick,,
North Plainfield,GSMJIF,North Plainfield Borough,,
Parsippany-Troy Hills,GSMJIF,Parsippany-Troy Hills,,
Rahway,GSMJIF,"Rahway, City Of",,
Roselle Park,GSMJIF,Roselle Park,,
Roxbury,GSMJIF,Roxbury,,
South Brunswick,GSMJIF,South Brunswick Township,,
South Orange,GSMJIF,South Orange Village,,
Totowa,GSMJIF,Totowa,,
Union,GSMJIF,Union Township,,
Warren,GSMJIF,Warren Township,,
West Orange,GSMJIF,"West Orange, Township Of",,
City of Orange,PEJIF,City of Orange,,
City of Orange - QL,PEJIF,City of Orange,,
East Orange,PEJIF,East Orange,,
East Orange - Inservco,PEJIF,East Orange,,
Passaic,PEJIF,Passaic,,
Passaic - QL,PEJIF,Passaic,,
Perth Amboy,PEJIF,Perth Amboy,,
Perth Amboy - QL,PEJIF,Perth Amboy,,
Plainfield,PEJIF,Plainfield,,
Plainfield - Inservco,PEJIF,Plainfield,,
Plainfield - QL,PEJIF,Plainfield,,
Roselle,PEJIF,Roselle,,
Teaneck,PEJIF,Teaneck,,
West New York,PEJIF,West New York,,
West New York - D&H,PEJIF,West New York,,
West New York - QL,PEJIF,West New York,,
AXA/XL NIP GrowPro Program,Specialty Programs,,Grow Pro,AXA/XL
AXA/XL NIP HVACPro Program,Specialty Programs,,SiteII,AXA/XL
AXA/XL NIP LandPro Program,Specialty Programs,,Land Pro,AXA/XL
AXA/XL NIP SiteII Program,Specialty Programs,,SiteII,AXA/XL
AXA/XL NIP SitePro Program,Specialty Programs,,Site Pro,AXA/XL
AXA/XL NIP SnowPro Program,Specialty Programs,,Snow Pro,AXA/XL
AXA/XL NIP TreePro Program,Specialty Programs,,Tree Pro,AXA/XL
AXA/XL NIP GrowPro,Specialty Programs,,Grow Pro,AXA/XL
AXA/XL NIP HVACPro,Specialty Programs,,SiteII,AXA/XL
AXA/XL NIP HVACPro Program [Expired],Specialty Programs,,SiteII,AXA/XL
AXA/XL NIP LandPro,Specialty Programs,,Land Pro,AXA/XL
AXA/XL NIP SiteII,Specialty Programs,,SiteII,AXA/XL
AXA/XL NIP SitePro,Specialty Programs,,Site Pro,AXA/XL
AXA/XL NIP SnowPro,Specialty Programs,,Snow Pro,AXA/XL
AXA/XL NIP TreePro,Specialty Programs,,Tree Pro,AXA/XL
AXA/XL NIP UtilityPro,Specialty Programs,,Utility Pro,AXA/XL
AXA/XL NIP AlarmPro,Specialty Programs,,Alarm Pro,AXA/XL
AXA/XL NIP PestPro,Specialty Programs,,Pest Pro,AXA/XL
AXA/XL NIP UtilityPro Program,Specialty Programs,,Utility Pro,AXA/XL
AXA/XL NIP AlarmPro Program,Specialty Programs,,Alarm Pro,AXA/XL
AXA/XL NIP PestPro Program,Specialty Programs,,Pest Pro,AXA/XL
Glass Pro - AIG,Specialty Programs,,SiteII,AIG
Grow Pro,Specialty Programs,,Grow Pro,AIG
Grow Pro - AmT,Specialty Programs,,Grow Pro,AmTrust
Land Pro - AmT,Specialty Programs,,Land Pro,AmTrust
Land Pro - Trv,Specialty Programs,,Land Pro,Travelers
Maintenance Pro - AIG,Specialty Programs,,SiteII,AIG
Pet Pro,Specialty Programs,,Pet Pro,AmTrust
Site Pro - AmT,Specialty Programs,,Site Pro,AmTrust
Site Pro - Trv,Specialty Programs,,Site Pro,Travelers
SiteII,Specialty Programs,,SiteII,AmTrust
Tree Pro - AmT,Specialty Programs,,Tree Pro,AmTrust
Tree Pro - Trv,Specialty Programs,,Tree Pro,Travelers
Umbrella - AIG,Specialty Programs,,Umbrella,AIG
Work Pro,Specialty Programs,,Work Pro,AmTrust
Work Pro - Trv,Specialty Programs,,Work Pro,Travelers
PropanePro,Specialty Programs,,Propane Pro,AmTrust
SiriusPoint E&S Land Pro,Specialty Programs,,Landscape E&S,SiriusPoint
Testing/Training,Testing/Training,Testing/Training,,
City of Jersey City,Civic Pro,City of Jersey City,,
City of Paterson,Civic Pro,City of Paterson,,
City of Trenton,Civic Pro,City of Trenton,,
CS Admin,Unknown,CS Admin,,
Elizabeth Board of Education,Study Pro,Elizabeth Board of Education,,
Newark Public Schools,Study Pro,Newark Public Schools,,
Toms River,Study Pro,Toms River,,
Unknown,Unknown,Unknown,,
E&S LandPro SiriusPoint,Specialty Programs,,E&S LandPro,SiriusPoint
